Cohort,Offset,CohortSize,ActiveCustomers,ActivityMonth
2010-12,0,885,885,2010-12
2010-12,1,885,324,2011-01
2010-12,2,885,286,2011-02
2010-12,3,885,340,2011-03
2010-12,4,885,321,2011-04
2010-12,5,885,352,2011-05
2010-12,6,885,321,2011-06
2010-12,7,885,309,2011-07
2010-12,8,885,313,2011-08
2010-12,9,885,350,2011-09
2010-12,10,885,331,2011-10
2010-12,11,885,445,2011-11
2011-01,0,417,417,2011-01
2011-01,1,417,92,2011-02
2011-01,2,417,111,2011-03
2011-01,3,417,96,2011-04
2011-01,4,417,134,2011-05
2011-01,5,417,120,2011-06
2011-01,6,417,103,2011-07
2011-01,7,417,101,2011-08
2011-01,8,417,125,2011-09
2011-01,9,417,136,2011-10
2011-01,10,417,152,2011-11
2011-02,0,380,380,2011-02
2011-02,1,380,71,2011-03
2011-02,2,380,71,2011-04
2011-02,3,380,108,2011-05
2011-02,4,380,103,2011-06
2011-02,5,380,94,2011-07
2011-02,6,380,96,2011-08
2011-02,7,380,106,2011-09
2011-02,8,380,94,2011-10
2011-02,9,380,116,2011-11
2011-03,0,452,452,2011-03
2011-03,1,452,68,2011-04
2011-03,2,452,114,2011-05
2011-03,3,452,90,2011-06
2011-03,4,452,101,2011-07
2011-03,5,452,76,2011-08
2011-03,6,452,121,2011-09
2011-03,7,452,104,2011-10
2011-03,8,452,126,2011-11
2011-04,0,300,300,2011-04
2011-04,1,300,64,2011-05
2011-04,2,300,61,2011-06
2011-04,3,300,63,2011-07
2011-04,4,300,59,2011-08
2011-04,5,300,68,2011-09
2011-04,6,300,65,2011-10
2011-04,7,300,78,2011-11
2011-05,0,284,284,2011-05
2011-05,1,284,54,2011-06
2011-05,2,284,49,2011-07
2011-05,3,284,49,2011-08
2011-05,4,284,59,2011-09
2011-05,5,284,66,2011-10
2011-05,6,284,75,2011-11
2011-06,0,242,242,2011-06
2011-06,1,242,42,2011-07
2011-06,2,242,38,2011-08
2011-06,3,242,64,2011-09
2011-06,4,242,56,2011-10
2011-06,5,242,81,2011-11
2011-07,0,188,188,2011-07
2011-07,1,188,34,2011-08
2011-07,2,188,39,2011-09
2011-07,3,188,42,2011-10
2011-07,4,188,51,2011-11
2011-08,0,169,169,2011-08
2011-08,1,169,35,2011-09
2011-08,2,169,42,2011-10
2011-08,3,169,41,2011-11
2011-09,0,299,299,2011-09
2011-09,1,299,70,2011-10
2011-09,2,299,90,2011-11
2011-10,0,358,358,2011-10
2011-10,1,358,86,2011-11
2011-11,0,323,323,2011-11
