YearMonth,Credit,Sale,Net
2010-12,-74789.12,823746.14,748957.02
2011-01,-131364.30000000002,691364.56,560000.26
2011-02,-25569.24,523631.89,498062.65
2011-03,-34372.28,717639.36,683267.08
2011-04,-44601.5,537808.62,493207.12
2011-05,-47202.51,770536.02,723333.51
2011-06,-70616.78,761739.9,691123.12
2011-07,-37921.08,719221.19,681300.11
2011-08,-54333.75,759138.38,704804.63
2011-09,-38902.55,1058590.17,1019687.6199999999
2011-10,-84274.63,1154979.3,1070704.67
2011-11,-47740.08,1509496.33,1461756.25
2011-12,-205124.67,638792.68,433668.01
